,TRADE_DATE,VOLUME_FINANCE_SELL,VOLUME_INSURANCE_SELL,VOLUME_INVESTORTRUST_SELL,VOLUME_PRIVATE_SELL,VOLUME_BANK_SELL,VOLUME_OTHERFINANCE_SELL,VOLUME_OTHERFUND_SELL,VOLUME_OTHERCORPORATION_SELL,VOLUME_INDIVIDUAL_SELL,VOLUME_FOREIGNER_SELL,VOLUME_OTHERFORIGNER_SELL,STK_CODE,VOLUME_FINANCE_BUY,VOLUME_INSURANCE_BUY,VOLUME_INVESTORTRUST_BUY,VOLUME_PRIVATE_BUY,VOLUME_BANK_BUY,VOLUME_OTHERFINANCE_BUY,VOLUME_OTHERFUND_BUY,VOLUME_OTHERCORPORATION_BUY,VOLUME_INDIVIDUAL_BUY,VOLUME_FOREIGNER_BUY,VOLUME_OTHERFORIGNER_BUY,VOLUME_FINANCE_NET,VOLUME_INSURANCE_NET,VOLUME_INVESTORTRUST_NET,VOLUME_PRIVATE_NET,VOLUME_BANK_NET,VOLUME_OTHERFINANCE_NET,VOLUME_OTHERFUND_NET,VOLUME_OTHERCORPORATION_NET,VOLUME_INDIVIDUAL_NET,VOLUME_FOREIGNER_NET,VOLUME_OTHERFORIGNER_NET,TRADEVALUE_FINANCE_SELL,TRADEVALUE_INSURANCE_SELL,TRADEVALUE_INVESTORTRUST_SELL,TRADEVALUE_PRIVATE_SELL,TRADEVALUE_BANK_SELL,TRADEVALUE_OTHERFINANCE_SELL,TRADEVALUE_OTHERFUND_SELL,TRADEVALUE_OTHERCORPORATION_SELL,TRADEVALUE_INDIVIDUAL_SELL,TRADEVALUE_FOREIGNER_SELL,TRADEVALUE_OTHERFORIGNER_SELL,TRADEVALUE_FINANCE_BUY,TRADEVALUE_INSURANCE_BUY,TRADEVALUE_INVESTORTRUST_BUY,TRADEVALUE_PRIVATE_BUY,TRADEVALUE_BANK_BUY,TRADEVALUE_OTHERFINANCE_BUY,TRADEVALUE_OTHERFUND_BUY,TRADEVALUE_OTHERCORPORATION_BUY,TRADEVALUE_INDIVIDUAL_BUY,TRADEVALUE_FOREIGNER_BUY,TRADEVALUE_OTHERFORIGNER_BUY,TRADEVALUE_FINANCE_NET,TRADEVALUE_INSURANCE_NET,TRADEVALUE_INVESTORTRUST_NET,TRADEVALUE_PRIVATE_NET,TRADEVALUE_BANK_NET,TRADEVALUE_OTHERFINANCE_NET,TRADEVALUE_OTHERFUND_NET,TRADEVALUE_OTHERCORPORATION_NET,TRADEVALUE_INDIVIDUAL_NET,TRADEVALUE_FOREIGNER_NET,TRADEVALUE_OTHERFORIGNER_NET
0,2022-12-02,1990412,103426,227041,256628,9224,21,5207396,11838,1071559,6450792,2847,005930,778120,41526,231361,9879,22085,326,4666575,75301,5517699,3964308,24004,-1212292,-61900,4320,-246749,12861,305,-540821,63463,4446140,-2486484,21157,121687676600,6287313400,13889694700,15625913600,561056000,1270500,318573171700,724949000,65446230800,392988782120,174794700,47242073200,2530917300,14034768800,604157200,1336927500,19828900,285812818600,4589005700,336405297300,241920908220,1464150400,-74445603400,-3756396100,145074100,-15021756400,775871500,18558400,-32760353100,3864056700,270959066500,-151067873900,1289355700
1,2022-12-01,1552559,31902,162643,319332,37250,162,4652049,64619,5164145,4621633,25151,005930,2341480,37245,241462,42623,10,778,4325435,204136,1684814,7748114,5348,788921,5343,78819,-276709,-37240,616,-326614,139517,-3479331,3126481,-19803,97483355100,2000952500,10191734700,20001903800,2333544100,10213100,292218692100,4063381300,324643058200,290016956850,1582370200,146819249100,2338340700,15143542100,2676523700,630000,48858800,271663936400,12855785900,105854294600,486808214050,336786600,49335894000,337388200,4951807400,-17325380100,-2332914100,38645700,-20554755700,8792404600,-218788763600,196791257200,-1245583600
2,2022-11-30,2787900,91548,70686,113810,13677,1163,3594214,341165,3895880,8838854,20006,005930,662868,67423,93732,42491,38,8439,3570520,69221,835518,14412392,6261,-2125032,-24125,23046,-71319,-13639,7276,-23694,-271944,-3060362,5573538,-13745,171918287700,5616583700,4363499900,6963459500,848342600,71067800,219835783800,21007111500,239290292600,547210320744,1230208600,40564446500,4148339100,5762417900,2612404100,2325600,519439900,218177664800,4252124400,51135587800,890799081844,381126500,-131353841200,-1468244600,1398918000,-4351055400,-846017000,448372100,-1658119000,-16754987100,-188154704800,343588761100,-849082100
3,2022-11-29,480672,96712,37241,62490,2814,1456,2302180,12917,1225626,2770624,21428,005930,1095702,51453,27757,131844,527,318,2287208,35368,884589,2496735,2659,615030,-45259,-9484,69354,-2287,-1138,-14972,22451,-341037,-273889,-18769,28953202900,5825082300,2243354900,3753467900,170270600,87365100,138555457100,775042900,73774079900,166795075473,1293602600,65878416000,3105206500,1676085500,7954666600,31852600,19112900,137535294000,2128079100,53195856500,150541517673,159914300,36925213100,-2719875800,-567269400,4201198700,-138418000,-68252200,-1020163100,1353036200,-20578223400,-16253557800,-1133688300
4,2022-11-28,1419287,113695,303365,175683,27477,1221,3159737,210502,1420889,1753416,3760,005930,1008534,10778,24711,20493,12632,324,2808948,282797,2454625,1955807,9383,-410753,-102917,-278654,-155190,-14845,-897,-350789,72295,1033736,202391,5623,85190969100,6815256500,18174138900,10527796300,1646489600,73138000,189660613300,12612108400,85214585600,105346072000,225437400,60547767200,646689300,1483589600,1230619600,759018300,19440300,168543268300,16962900800,147295375100,117435239800,562696800,-24643201900,-6168567200,-16690549300,-9297176700,-887471300,-53697700,-21117345000,4350792400,62080789500,12089167800,337259400
5,2022-11-25,879830,98603,75459,6252,530,20012,2799688,63274,969035,1762634,2616,005930,789344,61234,14162,67772,3048,318,2563775,31892,954298,2183770,8320,-90486,-37369,-61297,61520,2518,-19694,-235913,-31382,-14737,421136,5704,53736042400,6013494400,4602091100,381706800,32494600,1221095700,171071993000,3861694500,59239761000,107633171200,159671500,48192013700,3741146600,864694800,4139713000,186149400,19398800,156630646600,1947053900,58227105600,133497172700,508121100,-5544028700,-2272347800,-3737396300,3758006200,153654800,-1201696900,-14441346400,-1914640600,-1012655400,25864001500,348449600
6,2022-11-24,1293853,67345,86863,15358,5097,867,3491983,98517,1631005,1428522,5600,005930,1440466,4020,96924,92763,4580,5797,3371411,31489,1072805,2001676,3079,146613,-63325,10061,77405,-517,4930,-120572,-67028,-558200,573154,-2521,79304012500,4120590800,5312082500,938110500,312524100,53230600,213589109800,6039826300,99839650400,87421686250,342470800,88254493700,246192200,5936099700,5686129100,280754000,354761900,206144555200,1924728100,65589775600,122667643050,188162000,8950481200,-3874398600,624017200,4748018600,-31770100,301531300,-7444554600,-4115098200,-34249874800,35245956800,-154308800
7,2022-11-23,671774,22555,45987,15672,3024,15,4565649,8822,1253982,2167694,9876,005930,1074788,2393,40011,38498,8508,328,4320583,50904,936722,2285024,7291,403014,-20162,-5976,22826,5484,313,-245066,42082,-317260,117330,-2585,40993107900,1373404700,2796899900,954096500,184456800,913500,278436922600,537452400,76482893000,132217599900,602464300,65535750100,146031100,2438476800,2348208300,519338000,19975500,263483926400,3104731500,57120765900,139418425200,444582700,24542642200,-1227373600,-358423100,1394111800,334881200,19062000,-14952996200,2567279100,-19362127100,7200825300,-157881600
8,2022-11-22,679988,53548,48953,69943,717,59947,4484715,23268,1391044,2592338,6828,005930,1074269,22880,109905,46804,9675,319,4276812,20134,1673229,2172633,4629,394281,-30668,60952,-23139,8958,-59628,-207903,-3134,282185,-419705,-2199,41287545100,3246684600,2970920400,4246135300,43474200,3633596800,272398438900,1410817100,84483069400,157324617300,415263700,65203539800,1389815200,6675390300,2841194400,587100800,19333800,259718175000,1221283000,101567388400,131956192900,281149200,23915994700,-1856869400,3704469900,-1404940900,543626600,-3614263000,-12680263900,-189534100,17084319000,-25368424400,-134114500
9,2022-11-21,670423,13352,95783,215500,0,6016,4054617,13592,1528574,2776294,3946,005930,1821234,45600,50795,77566,4676,340,3798043,20745,1800722,1753495,4881,1150811,32248,-44988,-137934,4676,-5676,-256574,7153,272148,-1022799,935,41079773500,815546800,5865681600,13162210600,0,367625600,248074305600,829263500,93463477200,169883811809,241643200,111389460600,2783911900,3106533000,4749974100,286640800,20779600,232342677300,1268213400,110077903300,107458666809,298578600,70309687100,1968365100,-2759148600,-8412236500,286640800,-346846000,-15731628300,438949900,16614426100,-62425145000,56935400
10,2022-11-18,1452102,49278,138359,125935,1000,171,5403973,30181,2191156,2839729,4619,005930,1702713,10147,180158,109885,0,334,5244511,33509,1406768,3545225,3253,250611,-39131,41799,-16050,-1000,163,-159462,3328,-784388,705496,-1366,89810510700,3043593200,8563448700,7786225400,61800000,10565600,334707727800,1871932800,135691821000,175620779270,286501000,105423412100,627795200,11154896000,6815333600,0,20761600,324721225500,2072097400,87052776900,219365363670,201243500,15612901400,-2415798000,2591447300,-970891800,-61800000,10196000,-9986502300,200164600,-48639044100,43744584400,-85257500
11,2022-11-17,1442963,50881,252488,123155,5746,2016,5196311,36010,1497165,4686977,4584,005930,1555719,37998,174292,217447,12363,325,5177636,44446,3232231,2840473,5366,112756,-12883,-78196,94292,6617,-1691,-18675,8436,1735066,-1846504,782,88770412200,3133097900,15536347000,7585933900,356002000,124385600,320086718200,2218422900,92273244000,288752058100,282185000,95810132700,2340347300,10742069800,13396853000,760921200,20020200,318899615900,2736835200,199084467900,174997058500,330485100,7039720500,-792750600,-4794277200,5810919100,404919200,-104365400,-1187102300,518412300,106811223900,-113754999600,48300100
12,2022-11-16,1476164,35120,220901,129833,5078,9,5960643,62477,2662325,2347971,8739,005930,2000065,44305,93842,144340,24,335,5462389,25584,1737841,3397537,2998,523901,9185,-127059,14507,-5054,326,-498254,-36893,-924484,1049566,-5741,92077083300,2189481400,13770296300,8087755100,317518100,562300,370838378400,3896256100,165969797400,146528998250,543540600,124840946100,2762926200,5849068300,9030347200,1488800,20863900,339624978300,1593578600,108117724600,212191277350,186467900,32763862800,573444800,-7921228000,942592100,-316029300,20301600,-31213400100,-2302677500,-57852072800,65662279100,-357072700
13,2022-11-15,1180609,61108,376429,241121,1626,9098,6091538,70542,2373813,1891572,13530,005930,2325458,61744,91157,49965,19785,4515,5583995,50983,1578912,2542130,2342,1144849,636,-285272,-191156,18159,-4583,-507543,-19559,-794901,650558,-11188,73343690300,3794416900,23369733600,14979174900,100982900,565024600,377768642600,4379631000,147424267100,117551856243,839819600,144440984900,3830801100,5667935300,3106806000,1226698500,281230600,346210814400,3170269300,97962452100,158074121643,145125900,71097294600,36384200,-17701798300,-11872368900,1125715600,-283794000,-31557828200,-1209361700,-49461815000,40522265400,-694693700
14,2022-11-14,1372765,131808,485075,363963,1061,1263,6306498,71458,2686208,4534778,18539,005930,1709003,3514,33058,27179,13019,4899,6065846,56094,3709592,4327288,23924,336238,-128294,-452017,-336784,11958,3636,-240652,-15364,1023384,-207490,5385,85376713000,8168274000,30090609300,22576159400,65869300,78268800,392488079200,4432609800,167257587200,281662205480,1155858600,106012621200,218110800,2050092400,1682566000,805887300,303685200,377526971500,3483142000,230766178700,269011883980,1491095000,20635908200,-7950163200,-28040516900,-20893593400,740018000,225416400,-14961107700,-949467800,63508591500,-12650321500,335236400
15,2022-11-11,488654,49009,206348,108404,21830,19668,5240165,188379,9633925,4036659,44122,005930,3884101,83300,178990,155002,835,11,5144853,82687,3497832,6998294,11258,3395447,34291,-27358,46598,-20995,-19657,-95312,-105692,-6136093,2961635,-32864,30691688400,3072633400,12928414200,6789357800,1369576800,1228365200,328537079200,11827739300,604632700300,253284875161,2767212100,243630355000,5229671900,11227458300,9724186100,52260700,689500,322325670800,5186731300,219576162300,439469608561,706847400,212938666600,2157038500,-1700955900,2934828300,-1317316100,-1227675700,-6211408400,-6641008000,-385056538000,186184733400,-2060364700
16,2022-11-10,2811231,148868,487806,238128,3188,754,7694247,47217,2019374,7626736,10084,005930,4114810,133938,122925,61272,10536,1197,7845250,108102,5029069,3637176,23358,1303579,-14930,-364881,-176856,7348,443,151003,60885,3009695,-3989560,13274,170500823700,9040465100,29754716100,14496865800,193923400,45717900,468735065400,2876173300,123083470700,463662231928,615592000,249604462300,8123287100,7466362000,3723441000,636576100,72699000,478217253500,6569143800,306236585800,220929068028,1426166700,79103638600,-917178000,-22288354100,-10773424800,442652700,26981100,9482188100,3692970500,183153115100,-242733163900,810574700
17,2022-11-09,1028555,212345,139317,59281,5594,637,5176612,103130,4272486,3026354,21281,005930,3171341,147076,67395,28295,1000,10902,4985410,156713,2178706,3294535,4219,2142786,-65269,-71922,-30986,-4594,10265,-191202,53583,-2093780,268181,-17062,63686056600,13151147400,8624169800,3671200300,346456100,39517500,320387964000,6392054500,264579906300,187448792600,1317458900,196457826900,9123429400,4180895700,1753575400,62000000,676220700,308471817900,9706584600,134830906300,204120346900,261120200,132771770300,-4027718000,-4443274100,-1917624900,-284456100,636703200,-11916146100,3314530100,-129749000000,16671554300,-1056338700
18,2022-11-08,683799,59144,168008,105171,18000,2840,6536315,261431,7414084,3000613,24493,005930,2779629,123767,356494,298758,1295,2478,6350302,93510,2367631,5887184,12850,2095830,64623,188486,193587,-16705,-362,-186013,-167921,-5046453,2886571,-11643,42045766400,3644709900,10355517900,6492281100,1112400000,174373700,402053745800,16094952400,456018767900,184477139004,1507147700,171267205800,7637428800,21991271900,18432405200,79968700,152988100,390346171600,5746415600,145638874200,361894674404,789397500,129221439400,3992718900,11635754000,11940124100,-1032431300,-21385600,-11707574200,-10348536800,-310379893700,177417535400,-717750200
19,2022-11-07,790647,97301,57253,17093,4680,613,4977221,163183,3727568,2591210,10477,005930,2050226,124284,151010,275002,562,1957,4566170,238122,1494096,3525611,10206,1259579,26983,93757,257909,-4118,1344,-411051,74939,-2233472,934401,-271,47443104700,5847849500,3440750600,1022511700,281468000,36951900,299106230500,9810708100,224060338600,155670191600,630021900,123256383400,7476978800,9083425300,16535580300,33827000,117800600,274344685100,14316834500,89731568900,211839159200,613884000,75813278700,1629129300,5642674700,15513068600,-247641000,80848700,-24761545400,4506126400,-134328769700,56168967600,-16137900
20,2022-11-04,1081456,30876,45528,116644,1995,10,5958422,24607,1873498,3299703,13102,005930,1249540,46219,107259,85225,7451,9909,5948107,43194,1854575,3088585,5777,168084,15343,61731,-31419,5456,9899,-10315,18587,-18923,-211118,-7325,63733239600,1824452800,2687461500,6890942600,117828100,591400,351311696600,1451720700,110692723500,195039986600,775141200,73935032100,2731346000,6346127100,5046238300,442486400,585936700,350710461800,2555164200,109333057600,182499757700,340176700,10201792500,906893200,3658665600,-1844704300,324658300,585345300,-601234800,1103443500,-1359665900,-12540228900,-434964500
21,2022-11-03,4188005,20549,50711,224042,4000,18233,6557838,23064,2504758,3894261,6701,005930,1276681,88910,155492,65240,3444,12,7034117,37452,3493046,5318624,19144,-2911324,68361,104781,-158802,-556,-18221,476279,14388,988288,1424363,12443,245982768600,1213600100,2998441900,13168749100,236800000,1069960300,385515621800,1356362000,147715932400,229547326666,394096500,75544014100,5277961600,9203694900,3853266900,203631500,703300,413294965300,2199030900,204808815700,313692591466,1120983700,-170438754500,4064361500,6205253000,-9315482200,-33168500,-1069257000,27779343500,842668900,57092883300,84145264800,726887200
22,2022-11-02,2295691,41441,28756,155172,0,256,5589881,14985,1970067,3093354,13316,005930,463290,85451,111122,44728,5008,9,5683957,281975,1936285,4586103,4991,-1832401,44010,82366,-110444,5008,-247,94076,266990,-33782,1492749,-8325,136791068400,2466546100,1711667300,9241241100,0,15257000,333303578800,893865900,117434844400,184406673900,792862100,27634155000,5094929400,6628332800,2670646600,298476000,536300,338731866100,16873643800,115373540200,273454143400,297335400,-109156913400,2628383300,4916665500,-6570594500,298476000,-14720700,5428287300,15979777900,-2061304200,89047469500,-495526700
23,2022-11-01,940146,84042,47663,178473,3000,4031,7102892,164058,3945833,4716559,14950,005930,1205385,269314,296895,182388,7605,146,7372804,274527,2175383,5404999,12201,265239,185272,249232,3915,4605,-3885,269912,110469,-1770450,688440,-2749,56327584500,5022742700,2850454400,10672750500,180000000,241678500,425344615500,9833002200,236599443900,282411495206,897160000,72192309800,16147260000,17801347500,10930361500,456299700,8731400,441449405300,16449001100,130369428700,323844060906,732721500,15864725300,11124517300,14950893100,257611000,276299700,-232947100,16104789800,6615998900,-106230015200,41432565700,-164438500
24,2022-10-31,1401159,65495,195040,86865,28500,4542,7507483,177184,6386463,3122138,24645,005930,1360703,247389,380719,296448,970,12,7257762,94573,2065064,7285947,9927,-40456,181894,185679,209583,-27530,-4530,-249721,-82611,-4321399,4163809,-14718,83006259600,3898746100,11587102000,5166004700,1693700000,270480400,444993369900,10531460700,378804286800,185048050100,1468381700,80972780900,14739383100,22555829200,17675786200,57131100,710700,429924601900,5568871400,122303809600,432079410700,589527200,-2033478700,10840637000,10968727200,12509781500,-1636568900,-269769700,-15068768000,-4962589300,-256500477200,247031360600,-878854500
25,2022-10-28,815363,116531,618889,497802,12693,2426,7847619,123568,3518188,7363187,8671,005930,2810212,173285,128869,136441,24026,348,7496791,93231,5227834,4814701,19199,1994849,56754,-490020,-361361,11333,-2078,-350828,-30337,1709646,-2548486,10528,47223464900,6770956400,35826084000,28867289600,737023500,140080100,455801230000,7136794900,204073155600,426215578795,501498400,162707630100,9979357300,7451247000,7855255100,1377571400,20106900,435366243400,5392255900,302923192300,279102794595,1117502200,115484165200,3208400900,-28374837000,-21012034500,640547900,-119973200,-20434986600,-1744539000,98850036700,-147112784200,616003800
26,2022-10-27,1454382,183602,129352,396276,595,3659,6475149,50542,5286104,7756518,20533,005930,3276980,108795,400092,93713,23244,904,6664860,155301,3610466,7407404,14953,1822598,-74807,270740,-302563,22649,-2755,189711,104759,-1675638,-349114,-5580,86578078500,10937952500,7706253200,23632980200,35496300,217641300,385869933100,3019534900,315164736700,461643522730,1224848500,195201660600,6496743700,23900096000,5596341900,1384766800,54062600,396838182100,9258529600,215231222800,441178366330,891005500,108623582100,-4441208800,16193842800,-18036638300,1349270500,-163578700,10968249000,6238994700,-99933513900,-20465156400,-333843000
27,2022-10-26,1486650,136202,28623,196471,46429,28263,4101760,100182,9234711,5438191,27485,005930,1125089,256435,743295,428830,17944,7103,4250642,90350,3173461,10712397,19421,-361561,120233,714672,232359,-28485,-21160,148882,-9832,-6061250,5274206,-8064,87064497500,8076955100,1694420200,11594360300,2756755300,1674215500,241072813900,5905695600,545358443900,320259361860,1618972400,66588770800,15163310700,44044633500,25372514400,1050176600,421685600,249679602900,5307983700,187080716300,631217524560,1149572500,-20475726700,7086355600,42350213300,13778154100,-1706578700,-1252529900,8606789000,-597711900,-358277727600,310958162700,-469399900
28,2022-10-25,1291588,142941,39186,25410,303,25984,6060131,50962,4445458,5306065,17650,005930,1974968,129034,604039,357547,6361,4398,5826265,55306,2332225,6108008,7527,683380,-13907,564853,332137,6058,-21586,-233866,4344,-2113233,801943,-10123,74871114700,8312183200,2265451200,1475845200,17618800,1510985500,351716100700,2964431000,258594149800,306757600702,1026638500,114522307300,7498763500,35168061600,20732672700,370409400,256082900,338187198200,3213043800,135305193900,353820468802,437917200,39651192600,-813419700,32902610400,19256827500,352790600,-1254902600,-13528902500,248612800,-123288955900,47062868100,-588721300
29,2022-10-24,1442238,28916,85003,20196,19729,16001,5086230,95079,6634873,3474355,41883,005930,2499438,62967,497739,192188,837,11722,5013724,93201,1468806,7100051,3830,1057200,34051,412736,171992,-18892,-4279,-72506,-1878,-5166067,3625696,-38053,82359371900,1657416100,4863053600,1158248600,1133899400,918955400,290739207700,5445491900,379546785000,198676502100,2393172600,142849518500,3607542400,28455615100,11007641100,47898500,671045300,286382498800,5338131900,83976939400,406335635300,219638000,60490146600,1950126300,23592561500,9849392500,-1086000900,-247910100,-4356708900,-107360000,-295569845600,207659133200,-2173534600
30,2022-10-21,1079214,20287,81176,78997,10335,288,3804671,16864,2326976,4030879,6373,005930,2120461,53869,149749,42766,1438,309,3950817,13667,874368,4244089,4527,1041247,33582,68573,-36231,-8897,21,146146,-3197,-1452608,213210,-1846,60295826800,1133655300,4538829400,4407225500,577640100,16072600,212666696200,941332900,130165453800,225243491916,356868300,118670002900,3008431400,8380315200,2394304600,80637600,17304200,220774900000,763087500,48772165800,237228391816,253551800,58374176100,1874776100,3841485800,-2012920900,-497002500,1231600,8108203800,-178245400,-81393288000,11984899900,-103316500
31,2022-10-20,2396773,52255,29667,161957,418,10304,6313793,25463,1517946,6595459,3618,005930,1244926,22924,46924,10187,2036,509,6156638,13208,1854532,7748742,7027,-1151847,-29331,17257,-151770,1618,-9795,-157155,-12255,336586,1153283,3409,132993740200,2896032400,1643174600,8976351800,23192900,572637600,350351363700,1410204700,84259663200,365937980605,200909200,69104332400,1272236200,2602272200,565813400,112998000,28269400,341592025300,733047400,102823625300,430041105105,389526200,-63889407800,-1623796200,959097600,-8410538400,89805100,-544368200,-8759338400,-677157300,18563962100,64103124500,188617000
32,2022-10-19,1456862,37320,13127,216046,303,13,5757363,30458,1661041,3481616,6503,005930,910951,83337,366683,12311,5870,1908,5948320,26608,2750044,2542285,12335,-545911,46017,353556,-203735,5567,1895,190957,-3850,1089003,-939331,5832,81845649800,2089064500,735013600,12110477000,16924900,728000,323434767500,1710485800,93327442800,195312173500,364805500,51039199800,4683102000,20644769700,693120000,328672400,107188600,334220095700,1494883600,154436470400,142607940500,692090200,-30806450000,2594037500,19909756100,-11417357000,311747500,106460600,10785328200,-215602200,61109027600,-52704233000,327284700
33,2022-10-18,1160910,125008,194299,165858,7794,8958,6456553,16624,1867194,4812033,5471,005930,1504732,50387,84693,74098,10383,1708,6004719,32267,3478528,3561903,17284,343822,-74621,-109606,-91760,2589,-7250,-451834,15643,1611334,-1250130,11813,65398570900,7021299600,10926123800,9338660700,437846900,504336300,363916223800,938301800,105258630400,271696336600,308433200,84848804800,2830073900,4776682100,4179942900,585285200,96600500,338501388200,1816268600,196152593800,200979377100,977746900,19450233900,-4191225700,-6149441700,-5158717800,147438300,-407735800,-25414835600,877966800,90893963400,-70716959500,669313700
34,2022-10-17,1764157,11911,31690,256254,13453,5450,5597866,20764,2797630,3069024,73679,005930,601196,17918,59842,151716,1947,8107,5586586,12954,1522540,5673388,5684,-1162961,6007,28152,-104538,-11506,2657,-11280,-7810,-1275090,2604364,-67995,99478818800,674484400,1792330500,14410014500,761180100,306787500,315851850600,1176513500,158006671300,173049433800,4130112200,34059388600,1012861300,3394287100,8618702000,110359000,459187000,315109168000,730877800,85925175200,319896878400,321312800,-65419430200,338376900,1601956600,-5791312500,-650821100,152399500,-742682600,-445635700,-72081496100,146847444600,-3808799400
35,2022-10-14,802734,87478,110170,199621,3929,11,3589054,49148,3281603,4787271,13307,005930,1595010,39749,181271,67956,2708,1081,4086848,37990,1912719,4994196,4798,792276,-47729,71101,-131665,-1221,1070,497794,-11158,-1368884,206925,-8509,45070139800,4926383200,6199746600,11228443800,221578600,619300,201819732900,2760508700,184695870300,269291875500,748090700,89803302300,2244068600,10221174100,3829397900,151887200,60703700,229699437500,2132875400,107577119600,280973086400,269936700,44733162500,-2682314600,4021427500,-7399045900,-69691400,60084400,27879704600,-627633300,-77118750700,11681210900,-478154000
36,2022-10-13,2637925,33337,89083,419397,2684,4,4472081,6932,1583892,4534204,5063,005930,2408921,31990,98263,82859,22129,30893,4030059,20729,1857341,5130018,71400,-229004,-1347,9180,-336538,19445,30889,-442022,13797,273449,595814,66337,146071309700,1851370200,4946540300,23339514900,148492800,222400,248819687600,385985600,88092250300,251497932100,281882000,133671253000,1771915800,5470474500,4602486000,1222568800,1711677300,224195316100,1150251400,103085280400,284569806200,3984158400,-12400056700,-79454400,523934200,-18737028900,1074076000,1711454900,-24624371500,764265800,14993030100,33071874100,3702276400
37,2022-10-12,1265040,40917,35412,477336,11370,5005,7542491,36573,3186278,5787844,20644,005930,771990,45446,336140,426394,9986,3615,7659613,53425,2526959,6550180,25162,-493050,4529,300728,-50942,-1384,-1390,117122,16852,-659319,762336,4518,71164249900,2290095200,1983313000,26756414400,634793400,284279900,423260618500,2057178900,179087517700,323976802300,1160900000,43183355000,2545841500,18945204400,24071693700,559011700,202231900,429702018300,2990305300,141558202700,367474113400,1424185300,-27980894900,255746300,16961891400,-2684720700,-75781700,-82048000,6441399800,933126400,-37529315000,43497311100,263285300
38,2022-10-11,2347964,17956,98881,346783,401,13,8634038,68002,2973163,6942599,8077,005930,1183186,101004,85610,81867,16894,5436,9216570,40812,3483105,7216737,6656,-1164778,83048,-13271,-264916,16493,5423,582532,-27190,509942,274138,-1421,128258310500,988289500,5386685500,18971346600,22131400,717500,472017553500,3680478600,162474781100,379926875925,441683200,64438709600,5522184500,4694134200,4489395200,935371600,300909900,503628920500,2222604700,189942274600,395631735925,362612600,-63819600900,4533895000,-692551300,-14481951400,913240200,300192400,31611367000,-1457873900,27467493500,15704860000,-79070600
39,2022-10-07,1785412,54892,106647,331186,7008,318,6834773,117764,3062451,4580064,6298,005930,1038781,39275,179409,182858,3149,36832,7278460,65353,2011638,6048151,2907,-746631,-15617,72762,-148328,-3859,36514,443687,-52411,-1050813,1468087,-3391,100362700100,3087299800,6012562700,18659970400,393849900,17787000,383926661700,6621898100,172451225900,257138103668,355087200,58455846400,2222720500,10114970400,10308792800,178125100,2080950200,408693840100,3687645300,112915976300,340204811668,163467700,-41906853700,-864579300,4102407700,-8351177600,-215724800,2063163200,24767178400,-2934252800,-59535249600,83066708000,-191619500
40,2022-10-06,1439256,115362,49964,88369,10638,8816,5924183,106792,3955788,3230927,14351,005930,1080303,67531,167574,91033,24429,7350,5718731,29893,2630672,5108863,18067,-358953,-47831,117610,2664,13791,-1466,-205452,-76899,-1325116,1877936,3716,81506780900,6536923100,2834669400,5018436100,599167800,502569200,336454045100,6058403200,224773812400,182981179000,815776900,61229573600,3836060700,9520544600,5170564300,1381385300,417605100,324682456100,1695211600,149312433700,289807973400,1027954700,-20277207300,-2700862400,6685875200,152128200,782217500,-84964100,-11771589000,-4363191600,-75461378700,106826794400,212177800
41,2022-10-05,3785086,368101,229149,147434,11472,390,7113495,28634,5134983,5591210,49016,005930,866528,123428,359376,185045,5377,7327,7663932,61313,3595631,9582169,8844,-2918558,-244673,130227,37611,-6095,6937,550437,32679,-1539352,3990959,-40172,213085890100,20584481300,12867192900,8283482900,642324800,22101900,398955498400,1609021900,289147246200,313989373418,2747434500,48535175700,6954276800,20171397100,10432500000,301067900,411741900,429608591600,3451567100,202081675700,539490337318,495717200,-164550714400,-13630204500,7304204200,2149017100,-341256900,389640000,30653093200,1842545200,-87065570500,225500963900,-2251717300
42,2022-10-04,2334558,77047,107404,38153,46050,2556,4822599,63687,6196967,5433384,26030,005930,1220432,155531,399312,289848,1098,2039,5074692,22473,2130758,9816810,35442,-1114126,78484,291908,251695,-44952,-517,252093,-41214,-4066209,4383426,9412,128708850400,4252386200,5926201200,2107965100,2541242800,140941800,266197491000,3517221200,342084947800,299937780700,1437641500,67377981700,8592239700,22071985700,16011366700,60719500,112608400,279920921500,1240926300,117638997800,541868854000,1956068400,-61330868700,4339853500,16145784500,13903401600,-2480523300,-28333400,13723430500,-2276294900,-224445950000,241931073300,518426900
43,2022-09-30,2512009,36537,95798,134175,13139,50,6630765,27748,5023350,8003851,25827,005930,2365959,81407,591710,182947,2457,394,6782005,31250,3160109,9290345,14666,-146050,44870,495912,48772,-10682,344,151240,3502,-1863241,1286494,-11161,133013514800,1942266700,5076165800,7079429000,694969700,2600000,349560147900,1460650200,265029093100,422115448900,1369374400,124549238100,4322571300,31374084800,9721269100,131019800,20926900,357269622500,1649518400,166245410700,491281606000,778392900,-8464276700,2380304600,26297919000,2641840100,-563949900,18326900,7709474600,188868200,-98783682400,69166157100,-590981500
44,2022-09-29,2254111,52479,98323,26620,0,27393,3684867,36045,3188580,4506721,6941,005930,1705489,33881,128770,90357,7830,3650,3999069,47116,3549774,4307583,8561,-548622,-18598,30447,63737,7830,-23743,314202,11071,361194,-199138,1620,119688339000,2788868700,5218356900,1412174800,0,1455468700,196085866400,1915834900,169339883100,239456843800,369045200,90434559600,1802132900,6818675100,4803051100,415439000,193463700,212800557700,2510637200,188715845600,228781584000,454735600,-29253779400,-986735800,1600318200,3390876300,415439000,-1262005000,16714691300,594802300,19375962500,-10675259800,85690400
45,2022-09-28,2264315,36839,124419,228811,43000,8447,6724348,79219,3765393,6708731,7607,005930,2150440,64889,178180,94606,62227,17155,6561356,112614,6450471,4270011,29180,-113875,28050,53761,-134205,19227,8708,-162992,33395,2685078,-2438720,21573,121100035400,1955575200,6596011500,12127270300,2280860000,445403200,358835665500,4191993000,200017060500,356712552114,403152500,113981349300,3444864200,9493698800,5063765100,3331461200,907436800,350107439100,5987945100,343192636700,227600476714,1554506200,-7118686100,1489289000,2897687300,-7063505200,1050601200,462033600,-8728226400,1795952100,143175576200,-129112075400,1151353700
46,2022-09-27,968878,77712,104365,169337,8000,884,6492544,65456,3026362,5707638,10113,005930,2719070,134177,227361,73985,388,3209,6410906,29440,2681713,4343015,8025,1750192,56465,122996,-95352,-7612,2325,-81638,-36016,-344649,-1364623,-2088,52277702100,4186051700,5627428100,9132148900,430942700,47819400,350123304400,3536455200,163283045300,307952162609,547357300,146782510900,7246736100,12277327500,3989453900,20942700,173226000,345550239400,1587517000,144658949100,234424815609,432699500,94504808800,3060684400,6649899400,-5142695000,-410000000,125406600,-4573065000,-1948938200,-18624096200,-73527347000,-114657800
47,2022-09-26,405266,130845,147524,195355,0,2477,4011914,88885,4034265,5982435,9483,005930,3413249,57332,184134,93504,19784,1751,3860016,70893,3506193,3788352,13241,3007983,-73513,36610,-101851,19784,-726,-151898,-17992,-528072,-2194083,3758,21797904400,7029574100,7935038200,10524855000,0,133282000,215934861800,4781461200,216887275000,321819852400,509169200,183618764800,3088979500,9934303800,5040829000,1064006200,94251100,207617291900,3810601000,188511007000,203861520200,711718800,161820860400,-3940594600,1999265600,-5484026000,1064006200,-39030900,-8317569900,-970860200,-28376268000,-117958332200,202549600
48,2022-09-23,744654,89791,141971,313874,8091,2993,3498255,37865,3251447,2461676,5347,005930,644671,52805,35290,27596,36382,0,2978164,65456,3294412,3399642,21546,-99983,-36986,-106681,-286278,28291,-2993,-520091,27591,42965,937966,16199,40599966900,4892188900,7730970500,17091340100,441704600,163115200,190816472200,2061871200,177263716600,134151023000,291252900,35148162100,2877649300,1923485900,1504041900,1984710400,0,162369644600,3572697100,179578281300,185371814200,1173135300,-5451804800,-2014539600,-5807484600,-15587298200,1543005800,-163115200,-28446827600,1510825900,2314564700,51220791200,881882400
49,2022-09-22,1831825,41446,246510,93580,23002,1898,3509623,38810,2736825,4253972,9019,005930,302951,71565,207004,72121,24173,0,3239970,170064,6444283,2230885,23494,-1528874,30119,-39506,-21459,1171,-1898,-269653,131254,3707458,-2023087,14475,99690293200,2252532400,13408483000,5089611600,1251307100,103223400,191104511300,2111766600,148928574600,231627013900,490784500,16488211200,3899364800,11266340400,3928711300,1315556700,0,176354208100,9252071800,350789809000,121485233800,1278594500,-83202082000,1646832400,-2142142600,-1160900300,64249600,-103223400,-14750303200,7140305200,201861234400,-110141780100,787810000
50,2022-09-21,1013252,34941,62230,164609,4865,100,3238830,31518,2044319,5266528,2508,005930,1169865,6812,57193,26140,10313,0,3006356,72641,5266767,2230099,17514,156613,-28129,-5037,-138469,5448,-100,-232474,41123,3222448,-3036429,15006,55959754000,1926789000,3434040100,9083144900,268314800,5520000,178885947600,1737873000,112841247800,290736311400,138478500,64602282900,376351800,3159051900,1443579000,569458000,0,165925582300,4007995200,290735939900,123230359200,966820900,8642528900,-1550437200,-274988200,-7639565900,301143200,-5520000,-12960365300,2270122200,177894692100,-167505952200,828342400
51,2022-09-20,779195,39955,31298,138392,1500,140,4601082,9523,1606666,6826027,7687,005930,1970171,24784,75396,11192,54,5185,4445318,74163,3979886,3422219,33097,1190976,-15171,44098,-127200,-1446,5045,-155764,64640,2373220,-3403808,25410,43714516700,2236258100,1754490000,7742182700,84000000,7940000,258560590800,533120100,90385139200,382878799615,434482600,110751125200,1388822000,4221885500,626639800,3026000,289526800,249994963400,4158878700,223248706000,191786994715,1860951700,67036608500,-847436100,2467395500,-7115542900,-80974000,281586800,-8565627400,3625758600,132863566800,-191091804900,1426469100
52,2022-09-19,561662,4743,22743,141271,1749,4014,3388964,21446,2792136,5333475,6450,005930,1128270,47961,161467,106426,96,2030,3425423,70509,2711741,4617738,6992,566608,43218,138724,-34845,-1653,-1984,36459,49063,-80395,-715737,542,31732743700,266862800,1280076700,7939642300,98753900,224913600,191558069100,1208029900,157857513300,301105429000,364645700,63648504400,2707966300,9139676100,6011563500,5413600,114554200,193573935500,3996329600,153130401200,260913509100,394826500,31915760700,2441103500,7859599400,-1928078800,-93340300,-110359400,2015866400,2788299700,-4727112100,-40191919900,30180800
53,2022-09-16,1639702,11638,98379,369681,3115,2098,3806777,23301,1780204,5718102,3506,005930,340058,87800,25211,57174,0,2000,3742269,43924,3697844,5450725,9498,-1299644,76162,-73168,-312507,-3115,-98,-64508,20623,1917640,-267377,5992,91523607500,649506400,5502735500,20658809400,174401200,117453400,212688780500,1304743500,99521857800,320117759638,196028000,18995647200,4913301700,1408622500,3212561500,0,111500000,208936429600,2451154900,206300285000,305596542738,529637700,-72527960300,4263795300,-4094113000,-17446247900,-174401200,-5953400,-3752350900,1146411400,106778427200,-14521216900,333609700
54,2022-09-15,1694090,29550,181330,231184,163,0,3314420,17591,1229052,4964451,2988,005930,925021,45663,35524,1500,42083,1949,3338627,132662,4990466,2132261,19063,-769069,16113,-145806,-229684,41920,1949,24207,115071,3761414,-2832190,16075,95616824300,1655074500,10222514200,13017184000,9209500,0,187142668700,991221300,69295356300,279522927100,168731600,52089854900,2569098300,2002711700,84300000,2374293500,109879400,188469922500,7497554900,281248429400,120119887400,1075779500,-43526969400,914023800,-8219802500,-12932884000,2365084000,109879400,1327253800,6506333600,211953073100,-159403039700,907047900
55,2022-09-14,2514687,14095,172419,187938,0,70,3416833,41089,2670145,3499832,7853,005930,977881,24831,92050,36008,25028,0,3805013,40966,4106275,3405016,11893,-1536806,10736,-80369,-151930,25028,-70,388180,-123,1436130,-94816,4040,142589655100,799678500,9779875600,10620097300,0,3973000,193941425400,2316115800,151181153900,198230013700,444018700,55480468800,1411064200,5244012700,2041762700,1421771300,0,215881135600,2320548300,232468526000,192963970800,672746600,-87109186300,611385700,-4535862900,-8578334600,1421771300,-3973000,21939710200,4432500,81287372100,-5266042900,228727900
56,2022-09-13,541680,45055,71890,183539,20000,4723,3934752,70890,7164058,5116988,13006,005930,2934231,167479,392318,383334,24256,11852,4084763,70488,2661574,6430442,5844,2392551,122424,320428,199795,4256,7129,150011,-402,-4502484,1313454,-7162,31342630900,2611422800,4173629200,10651358000,1162000000,273612400,227663928400,4108212700,413447367400,294830151755,751577800,169518670100,9676232200,22718015400,22133764200,1413345400,685605100,236098916600,4081233500,153825608600,370526480955,338019300,138176039200,7064809400,18544386200,11482406200,251345400,411992700,8434988200,-26979200,-259621758800,75696329200,-413558500
57,2022-09-08,1683791,124615,181951,83075,0,5737,5373221,227608,1997020,8318357,4641,005930,3756881,146885,202088,321879,6000,9588,5130164,94148,5952439,2359480,20464,2073090,22270,20137,238804,6000,3851,-243057,-133460,3955419,-5958877,15823,93979977900,6945959700,10166435000,4631186100,0,320688100,300697596900,12721205300,111758006400,464885830100,259512500,209820655700,8169288600,11275317700,18036165600,334500000,537899600,287358093800,5258902800,332772789500,131659058200,1143726500,115840677800,1223328900,1108882700,13404979500,334500000,217211500,-13339503100,-7462302500,221014783100,-333226771900,884214000
58,2022-09-07,1407936,213330,197091,96840,16000,0,4139343,46237,2256356,8998355,13366,005930,1015837,53763,88662,82604,12145,13301,3644747,121242,7934097,4394763,23693,-392099,-159567,-108429,-14236,-3855,13301,-494596,75005,5677741,-4603592,10327,79038077100,11956507400,11044237500,5424676500,896000000,0,232572898400,2591048700,126621213900,504801225800,749294400,56935718200,3015725900,4972178800,4634458100,680672200,746000600,204645450600,6806708300,445231369700,246697356400,1329540900,-22102358900,-8940781500,-6072058700,-790218400,-215327800,746000600,-27927447800,4215659600,318610155800,-258103869400,580246500
59,2022-09-06,687004,42790,35245,10808,0,0,3212026,25206,1570231,1912857,6919,005930,516180,33453,49201,109815,44636,15482,2752349,46647,2742733,1187449,5141,-170824,-9337,13956,99007,44636,15482,-459677,21441,1172502,-725408,-1778,39258769100,2440949900,2010608900,617394800,0,0,183744780600,1442022000,89804000500,109438192200,395320700,29523524900,1911284600,2814070500,6280000200,2549762700,884556900,157462251100,2669011300,156816848000,67946378100,294350400,-9735244200,-529665300,803461600,5662605400,2549762700,884556900,-26282529500,1226989300,67012847500,-41491814100,-100970300
60,2022-09-05,503130,139552,92586,31482,751,250,3517958,16247,2614155,4489519,20347,005930,1435669,43595,95046,86906,9000,445,3319079,97541,4321589,2000495,16612,932539,-95957,2460,55424,8249,195,-198879,81294,1707434,-2489024,-3735,28797971300,7953650800,5282955100,1800612200,42979000,14375000,201508982800,928978800,149537771800,256855776284,1160003500,82156703300,2490682400,5434354200,4976916800,513300000,25403000,190081824500,5580496600,247219918200,114454751784,949705800,53358732000,-5462968400,151399100,3176304600,470321000,11028000,-11427158300,4651517800,97682146400,-142401024500,-210297700
61,2022-09-02,1510406,116438,150227,182984,405,23169,4714726,29556,1781270,6523912,7217,005930,456185,14726,49834,183397,7008,1393,4355790,148840,7184872,2619264,19001,-1054221,-101712,-100393,413,6603,-21776,-358936,119284,5403602,-3904648,11784,87498820600,6730507800,8693518600,10619572700,23455600,1341306900,273859850400,1716927400,103125621100,378013314051,417472400,26433575400,849057700,2889403800,10643054000,402963200,81058600,252990941100,8642755900,415898349100,152110992051,1098216700,-61065245200,-5881450100,-5804114800,23481300,379507600,-1260248300,-20868909300,6925828500,312772728000,-225902322000,680744300
62,2022-09-01,2922757,35068,218968,664307,870,200,3484016,10719,1303938,6262133,2801,005930,289712,1498,1475,202,11391,2169,3150142,53364,5687659,5694146,14019,-2633045,-33570,-217493,-664105,10521,1969,-333874,42645,4383721,-567987,11218,171065704600,2052868500,12794142800,38893115700,50838300,11680000,204051886200,626813600,76279798500,366383857201,163915200,16964146500,87585300,86250100,11796800,665346600,127028300,184381509100,3122658600,332834760300,333273458401,820080600,-154101558100,-1965283200,-12707892700,-38881318900,614508300,115348300,-19670377100,2495845000,256554961800,-33110398800,656165400
63,2022-08-31,1742300,58018,144869,91525,9000,420,4699747,36065,2666392,4749909,5267,005930,452210,106558,106172,111223,93,3229,3804044,22187,1771476,7820499,5821,-1290090,48540,-38697,19698,-8907,2809,-895703,-13878,-894916,3070590,554,103038237900,3455237700,8579149400,5439727800,537300000,24904000,277723036900,2129091900,157833357000,282247521900,312071400,26834972200,6359933000,6321400800,6620258800,5424000,191633800,224533660500,1306328800,104439092500,464363436100,343495400,-76203265700,2904695300,-2257748600,1180531000,-531876000,166729800,-53189376400,-822763100,-53394264500,182115914200,31424000
64,2022-08-30,741599,84980,133780,160447,20200,3709,2789039,4072,1733642,4016041,2535,005930,623532,45973,33829,91288,847,28761,2668625,49257,4021651,2116634,9647,-118067,-39007,-99951,-69159,-19353,25052,-120414,45185,2288009,-1899407,7112,43500899200,4975161100,7849774000,9397527800,1181280000,216858400,163419822000,238154300,101639836200,235059534500,148821000,36532609700,2701148100,1988132700,5380324900,49922100,1691386400,156244240400,2881087200,235345560300,124248976500,564280200,-6968289500,-2274013000,-5861641300,-4017202900,-1131357900,1474528000,-7175581600,2642932900,133705724100,-110810558000,415459200
65,2022-08-29,2224616,130484,289695,428392,0,150,2660103,27164,1985152,2091930,3643,005930,407129,31769,19099,37726,12083,12403,2185889,62303,5515768,1534621,22539,-1817487,-98715,-270596,-390666,12083,12253,-474214,35139,3530616,-557309,18896,130629678500,7647595200,16983252300,25148633600,0,8790000,156207143200,1594661500,116503489700,122747061400,213895500,23902318300,1865380100,1121905100,2215272300,708576100,728560900,128324485600,3655670600,323754209000,90084751400,1323071500,-106727360200,-5782215100,-15861347200,-22933361300,708576100,719770900,-27882657600,2061009100,207250719300,-32662310000,1109176000
66,2022-08-26,1239453,63640,31740,141026,18800,7162,3724908,21331,2432542,1814636,4757,005930,1395680,113315,167559,308933,5895,3093,3450771,90657,1454941,2506011,3140,156227,49675,135819,167907,-12905,-4069,-274137,69326,-977601,691375,-1617,74928797100,3823463600,1911179300,8466352900,1139760000,431329900,224768556600,1284766700,146841144100,109157804850,287154900,83940975800,6835876000,10129923000,18669660100,355918000,186893300,208401171800,5469717400,87675389500,151185682550,189102500,9012178700,3012412400,8218743700,10203307200,-783842000,-244436600,-16367384800,4184950700,-59165754600,42027877700,-98052400
67,2022-08-25,672738,94919,73486,74231,4000,3700,1650753,16507,1857297,1316437,3834,005930,641073,136264,38973,34366,33,1380,1444712,82419,1471586,1912176,4920,-31665,41345,-34513,-39865,-3967,-2320,-206041,65912,-385711,595739,1086,39953389100,5647168900,4374575900,4415058000,238800000,220890000,98076978300,982012900,110414209200,78230106800,227748100,38147538400,8114641700,2320117600,2043912900,1960200,81993400,85749193000,4894672000,87437901000,113696083000,292924000,-1805850700,2467472800,-2054458300,-2371145100,-236839800,-138896600,-12327785300,3912659100,-22976308200,35465976200,65175900
68,2022-08-24,1335353,18907,187052,226781,2901,400,2032252,22501,1284844,3772538,4957,005930,426190,100097,36049,33620,17015,1695,1344793,68680,2943857,3908764,7726,-909163,81190,-151003,-193161,14114,1295,-687459,46179,1659013,136226,2769,78957644800,1116439200,11049362700,13399652100,171261700,23670000,120183722900,1328669000,75952730100,222930816000,292996700,25212774300,5917392500,2134725400,1989753600,1005568000,100203700,79532398400,4059448200,174023420700,230974650700,456629700,-53744870500,4800953300,-8914637300,-11409898500,834306300,76533700,-40651324500,2730779200,98070690600,8043834700,163633000
69,2022-08-23,927986,83056,594957,238535,401,0,2706178,71289,1659070,2757177,2980,005930,908121,59157,31588,11323,8066,1181,2133842,28313,4052379,1792758,14901,-19865,-23899,-563369,-227212,7665,1181,-572336,-42976,2393309,-964419,11921,54959925600,4912038000,35221852900,14116895400,23733800,0,160481498000,4215815400,98339072000,163210064000,176458200,53876925100,3506304300,1872112800,671629500,476708800,69942400,126492858200,1676664700,240029140100,106102189300,882878100,-1083000500,-1405733700,-33349740100,-13445265900,452975000,69942400,-33988639800,-2539150700,141690068100,-57107874700,706419900
70,2022-08-22,1421191,46098,76427,88348,0,1405,2609650,27922,1654623,2331699,2502,005930,925474,30019,26921,18950,22194,0,1969397,39434,3078709,2135854,12913,-495717,-16079,-49506,-69398,22194,-1405,-640253,11512,1424086,-195845,10411,85305321400,2762603600,4583141300,5301999600,0,84273900,156668442100,1675048100,99286672900,139914563900,150199300,55544279100,1802774600,1617180000,1138260700,1331824800,0,118196077200,2365554100,184721135100,128241284000,773896500,-29761042300,-959829000,-2965961300,-4163738900,1331824800,-84273900,-38472364900,690506000,85434462200,-11673279900,623697200
71,2022-08-19,922724,24841,97209,9571,10000,0,2576445,19264,1308367,1952215,3043,005930,849985,67697,271988,368310,606,5640,1735879,39249,1940494,1640674,3157,-72739,42856,174779,358739,-9394,5640,-840566,19985,632127,-311541,114,56266253500,1511058200,5907966300,581978800,608435000,0,157023262200,1174723800,79665426300,118984557800,185098000,51729689200,4123523900,16571852900,22521633200,36905400,343965000,105818847500,2388896500,118178846100,100002365900,192234300,-4536564300,2612465700,10663886600,21939654400,-571529600,343965000,-51204414700,1214172700,38513419800,-18982191900,7136300
72,2022-08-18,2112498,10615,122051,31755,17000,1450,7354101,138680,4672778,1895438,16388,005930,1168537,83163,72300,523126,6500,4130,6435497,21470,1711221,6343661,3149,-943961,72548,-49751,491371,-10500,2680,-918604,-117210,-2961557,4448223,-13239,128722265200,648492300,7444455700,1912252100,1044600000,88250000,447465657800,8477014000,285385978500,115794455300,1003528100,71542859100,5097565100,4428787700,32096961000,395850000,251151000,391421038500,1317992900,104455048000,386787753900,191941800,-57179406100,4449072800,-3015668000,30184708900,-648750000,162901000,-56044619300,-7159021100,-180930930500,270993298600,-811586300
73,2022-08-17,865231,77947,97677,2411,8,500,4698269,205105,1441800,1670472,2098,005930,1232076,24715,33791,23842,21000,119,4231304,16618,2229185,1242545,6323,366845,-53232,-63886,21431,20992,-381,-466965,-188487,787385,-427927,4225,52480915800,4717902500,5917230600,146031200,485600,30200000,285325451700,12439572500,87519331700,101354500300,127463800,74817279900,1500325300,2046333700,1445599600,1274400000,7257200,256939050400,1005423500,135220552500,75419362200,383501400,22336364100,-3217577200,-3870896900,1299568400,1273914400,-22942800,-28386401300,-11434149000,47701220800,-25935138100,256037600
74,2022-08-16,792446,26311,48801,11386,21000,2539,5580125,42199,3826105,4671529,14286,005930,969823,108404,54431,51661,321,46,5334178,217759,2422537,5869724,7843,177377,82093,5630,40275,-20679,-2493,-245947,175560,-1403568,1198195,-6443,48304683000,1607399400,2972324100,694158300,1283309800,154616500,340754018200,2575147800,233646726300,284651603000,872155800,59313200900,6640766300,3330545800,3164099100,19659100,2783000,325297638000,13348948900,147853006700,358068038900,477455500,11008517900,5033366900,358221700,2469940800,-1263650700,-151833500,-15456380200,10773801100,-85793719600,73416435900,-394700300
75,2022-08-12,631939,161126,103809,52274,8000,0,4237187,25492,3048093,2510971,7767,005930,1153284,21658,100426,5633,0,3650,3863697,377283,2745538,2501147,14342,521345,-139468,-3383,-46641,-8000,3650,-373490,351791,-302555,-9824,6575,37975660800,9695983700,6246718600,3131841700,481600000,0,254830627200,1533075300,183493020400,150937008500,467663900,69386776400,1304763400,6056285600,339775400,0,219206700,232157857800,22750115000,165210657700,150503381300,864380800,31411115600,-8391220300,-190433000,-2792066300,-481600000,219206700,-22672769400,21217039700,-18282362700,-433627200,396716900
76,2022-08-11,1171767,51470,99320,24204,4846,0,5952395,19446,2629035,5184767,4691,005930,2964051,53060,69940,182562,6460,340,5321698,53043,3449934,3032864,7989,1792284,1590,-29380,158358,1614,340,-630697,33597,820899,-2151903,3298,70045556600,3065057900,5927594700,1442865900,289419200,0,355225512200,1160454700,156951927600,309350618800,279896400,177146770700,3173911900,4178786600,10886482400,384981300,20330000,317356570100,3168080800,205737203400,181209249300,476537500,107101214100,108854000,-1748808100,9443616500,95562100,20330000,-37868942100,2007626100,48785275800,-128141369500,196641100
77,2022-08-10,1154709,223283,563822,181135,416,0,7681271,94576,2508511,5673218,3408,005930,634805,9977,71983,125040,18715,1060,6452940,243633,6807993,3692715,25488,-519904,-213306,-491839,-56095,18299,1060,-1228331,149057,4299482,-1980503,22080,68097889500,13161535000,33194057300,10661699500,24492100,0,452801494600,5566912000,147809468100,334074689294,200617500,37383379600,589025200,4248229400,7382726800,1105426800,62465000,380086633800,14352660300,400993362100,217887133194,1501812700,-30714509900,-12572509800,-28945827900,-3278972700,1080934700,62465000,-72714860800,8785748300,253183894000,-116187556100,1301195200
78,2022-08-09,578206,143031,580318,125894,27493,1699,6528130,23990,2801379,7436630,4400,005930,1061726,10843,124891,48430,10150,3570,6903376,48344,6387351,3614583,37906,483520,-132188,-455427,-77464,-17343,1871,375246,24354,3585972,-3822047,33506,34682620900,8568876400,34779540600,7537338700,1645037400,101794900,391571317500,1437511900,167830616200,445841764800,263903300,63674577600,650611500,7494026400,2909110500,608100000,214527000,414094874800,2895539000,382879880900,216565931500,2273143400,28991956700,-7918264900,-27285514200,-4628228200,-1036937400,112732100,22523557300,1458027100,215049264700,-229275833300,2009240100
79,2022-08-08,1541736,250547,286951,301006,772,50,4851409,11037,1511028,2551444,7170,005930,430339,12089,148019,41744,5921,30,4735610,24082,3620623,2267102,27591,-1111397,-238458,-138932,-259262,5149,-20,-115799,13045,2109595,-284342,20421,93922769300,15243385300,17453129400,18324980500,47031000,3045000,295530217900,672703100,92001240800,155385684400,436120200,26176064600,736570700,9014305800,2541692500,360010100,1830000,288330313400,1466931700,220472929300,138240578300,1679080500,-67746704700,-14506814600,-8438823600,-15783288000,312979100,-1215000,-7199904500,794228600,128471688500,-17145106100,1242960300
80,2022-08-05,735110,21495,77307,9439,0,173,4026118,46728,1502697,3142487,6066,005930,1020467,128622,62685,42195,9454,8802,3937417,12803,1783517,2545365,16293,285357,107127,-14622,32756,9454,8629,-88701,-33925,280820,-597122,10227,45221946100,1321957900,4753227700,580192700,0,10639500,247668431100,2875096300,92451174500,193326790400,373088600,62756600200,7927554500,3862582900,2598655700,582265800,542247100,242181790700,787287900,109708583500,156633551900,1001424600,17534654100,6605596600,-890644800,2018463000,582265800,531607600,-5486640400,-2087808400,17257409000,-36693238500,628336000
81,2022-08-04,1385359,27672,82028,28730,3000,269,4003053,20359,1800873,1757184,16912,005930,473762,48772,114551,135750,16000,2404,3978982,25117,1651073,2674429,4599,-911597,21100,32523,107020,13000,2135,-24071,4758,-149800,917245,-12313,85273218900,1703890200,5053091600,1768757800,184500000,16543500,246450564200,1253508500,110946282200,108143965100,1041486800,29182600600,3008239900,7061410900,8367340200,986800000,148301400,244944074300,1547154500,101632623800,164674266900,282996300,-56090618300,1304349700,2008319300,6598582400,802300000,131757900,-1506489900,293646000,-9313658400,56530301800,-758490500
82,2022-08-03,1202971,203442,342940,203172,0,143,5279368,13206,962232,1843151,3236,005930,811009,68771,170707,54416,5216,125,4786530,26149,2464951,1654931,11056,-391962,-134671,-172233,-148756,5216,-18,-492838,12943,1502719,-188220,7820,73665139800,12463446100,20985851000,12437553600,0,8747100,323153898400,808339900,58912113100,112847807000,198082400,49647019200,4214164400,10461082600,3332216100,319743200,7650000,292921016000,1601490700,150879599400,101420673000,676323800,-24018120600,-8249281700,-10524768400,-9105337500,319743200,-1097100,-30232882400,793150800,91967486300,-11427134000,478241400
83,2022-08-02,2243679,6870,296764,202769,3000,0,5877725,35863,2253670,2688860,5695,005930,551788,45586,34981,13959,4239,6171,5457782,20014,1259155,6214262,6958,-1691891,38716,-261783,-188810,1239,6171,-419943,-15849,-994515,3525402,1263,138037442400,423191300,18271058000,12491725100,185100000,0,361500737300,2204975100,138711595700,165390861200,350500900,33956283300,2809504300,2156738500,859827900,261142900,380184300,335704730900,1234286500,77479755800,382296980300,427752300,-104081159100,2386313000,-16114319500,-11631897200,76042900,380184300,-25796006400,-970688600,-61231839900,216906119100,77251400
84,2022-08-01,1689976,31330,197674,54948,0,0,6684978,56694,2019037,2416798,3381,005930,1107488,28152,100413,186890,9539,12741,6160308,18862,2549524,2970789,10110,-582488,-3178,-97261,131942,9539,12741,-524670,-37832,530487,553991,6729,103313352700,1917977800,12073061300,3364081700,0,0,407898864000,3464434600,123390218400,147405747200,206972800,67841836900,1727540400,6152249600,11448240900,584865600,781283000,375671957900,1152811400,155367129300,181689493000,617302500,-35471515800,-190437400,-5920811700,8084159200,584865600,781283000,-32226906100,-2311623200,31976910900,34283745800,410329700
85,2022-07-29,798049,121772,296005,534137,13000,400,5869378,49044,2287446,5039329,84560,005930,1807538,143042,67299,61476,6039,7968,5388511,40044,3522680,4031391,17132,1009489,21270,-228706,-472661,-6961,7568,-480867,-9000,1235234,-1007938,-67428,49294800200,7505412300,18210657700,32940531700,804700000,24560000,363273929800,3036621900,141715925600,310869641600,5241191200,111802406900,8857966600,4157833800,3785512200,372438600,493028400,333488076700,2472956500,217735304000,248695793600,1056654700,62507606700,1352554300,-14052823900,-29155019500,-432261400,468468400,-29785853100,-563665400,76019378400,-62173848000,-4184536500
86,2022-07-28,975478,185271,157795,182164,23987,30,4282174,43139,2697313,2192359,5592,005930,941074,127530,118663,38169,1396,9216,4010786,34124,2488744,2969476,6124,-34404,-57741,-39132,-143995,-22591,9186,-271388,-9015,-208569,777117,532,60448102200,11470168900,9785754000,11300915200,1494192100,1860000,265745954200,2674272400,167625246900,136191642300,347147900,58462021900,7922742700,7364363400,2373476200,86785000,572014700,248866610800,2120441400,154588202200,184348583600,380014200,-1986080300,-3547426200,-2421390600,-8927439000,-1407407100,570154700,-16879343400,-553831000,-13037044700,48156941300,32866300
87,2022-07-27,529335,114556,216480,18917,4385,70,2650578,50514,1486207,2247393,2562,005930,1336077,178918,71941,33814,368,0,1597954,26594,1534081,2537402,3848,806742,64362,-144539,14897,-4017,-70,-1052624,-23920,47874,290009,1286,32575281500,7028353500,13272666900,1160393900,270890100,4326000,162858515400,3098422100,91402494700,138161026900,157589800,82082678500,11019952900,4419397900,2081957200,22650800,0,98106411900,1635892800,94197914700,156187046200,236057900,49507397000,3991599400,-8853269000,921563300,-248239300,-4326000,-64752103500,-1462529300,2795420000,18026019300,78468100
88,2022-07-26,510039,225753,60563,34991,1900,1711,2450508,9231,1843489,1445682,13344,005930,589441,191627,30366,72879,3933,1311,1998360,8262,1294264,2394723,12045,79402,-34126,-30197,37888,2033,-400,-452148,-969,-549225,949041,-1299,31313174700,13904764600,3728975900,2156214800,117230000,104713200,150535416100,568174300,113345223100,88714511700,821647500,36281739800,11815328300,1868365400,4488338300,241978300,80657800,122721977700,508387100,79413627100,147146767000,742879100,4968565100,-2089436300,-1860610500,2332123500,124748300,-24055400,-27813438400,-59787200,-33931596000,58432255300,-78768400
89,2022-07-25,615712,75863,20215,12364,0,0,3467839,37395,2311897,2615646,36750,005930,1390009,87528,116599,62277,0,450,2782847,15931,2238104,2490412,9524,774297,11665,96384,49913,0,450,-684992,-21464,-73793,-125234,-27226,37867894900,4662358300,1243805300,759594100,0,0,213593233000,2301502100,142355401700,160492390800,2264010700,85523422600,5393189700,7169116200,3840614400,0,27675000,171354247000,980007000,137608044800,153057351800,586522400,47655527700,730831400,5925310900,3081020300,0,27675000,-42238986000,-1321495100,-4747356900,-7435039000,-1677488300
90,2022-07-22,1092982,168911,219130,158843,3,26800,4313213,13809,1904403,2359403,3813,005930,450344,84593,207011,53357,8800,0,3313596,102037,2926517,3099010,16045,-642638,-84318,-12119,-105486,8797,-26800,-999617,88228,1022114,739607,12232,67329701700,10375125600,13448399800,9766331200,186600,1642063200,265656823000,850612900,117322852100,145246093300,234750900,27710590500,5207695100,12733098600,3287337700,539640000,0,203948994300,6272937600,180287665900,190894418800,990561800,-39619111200,-5167430500,-715301200,-6478993500,539453400,-1642063200,-61707828700,5422324700,62964813800,45648325500,755810900
91,2022-07-21,1139986,187723,70168,37370,13000,500,3672176,90192,3793875,3277310,9074,005930,283867,113268,282287,248736,14923,5404,3188207,10947,1888211,6233314,22210,-856119,-74455,212119,211366,1923,4904,-483969,-79245,-1905664,2956004,13136,70030958200,11561958400,4302021000,2290232400,802900000,30850000,225335264500,5541812700,233118671900,201283437950,556892600,17441049000,6966511400,17372299500,15312985200,919809300,331563000,195583094300,673148300,115963397800,382925404050,1365737800,-52589909200,-4595447000,13070278500,13022752800,116909300,300713000,-29752170200,-4868664400,-117155274100,181641966100,808845200
92,2022-07-20,1256491,210565,269888,128141,0,0,5089406,37499,2554889,7221233,14126,005930,1169067,136060,121639,89388,12840,4546,5462294,697396,5001187,4074354,13467,-87424,-74505,-148249,-38753,12840,4546,372888,659897,2446298,-3146879,-659,77024054900,12874565600,16430015800,7818603500,0,0,311101516200,2283066900,156402866000,441138754700,865665600,71232668100,8379403600,7418921000,5477942000,783887300,277182700,333755259400,42652513200,306174797500,248961992200,824542200,-5791386800,-4495162000,-9011094800,-2340661500,783887300,277182700,22653743200,40369446300,149771931500,-192176762500,-41123400
93,2022-07-19,1326938,68617,100392,139394,1735,0,6647720,16872,2449730,4492925,3938,005930,496398,170797,69534,21162,19218,19210,7212265,69957,3732294,3427744,9682,-830540,102180,-30858,-118232,17483,19210,564545,53085,1282564,-1065181,5744,80520833600,4169792000,6092990800,8455266500,104846800,0,403560750000,1024318900,148793676400,272958168566,239077600,30137987700,10379156400,4225967600,1286265500,1168467300,1165610000,437678264500,4236607600,226491272100,208561764666,588357800,-50382845900,6209364400,-1867023200,-7169001000,1063620500,1165610000,34117514500,3212288700,77697595700,-64396403900,349280200
94,2022-07-18,1917200,94382,161820,86840,20009,78630,5872002,179195,6385411,6011847,25181,005930,695758,117826,146377,208449,82362,8526,5728093,58625,4267119,9511892,7490,-1221442,23444,-15443,121609,62353,-70104,-143909,-120570,-2118292,3500045,-17691,117774085200,5782063900,9919853500,5305347300,1236448100,4844324200,359667876100,10984622300,391529669800,369141397581,1541470000,42654852100,7252989600,8989882500,12767558500,5048901000,525324200,350785310000,3587995600,261470196000,584184915081,459233400,-75119233100,1470925700,-929971000,7462211200,3812452900,-4319000000,-8882566100,-7396626700,-130059473800,215043517500,-1082236600
95,2022-07-15,2776408,28691,100962,44437,27000,25982,4499494,100236,6790471,4272221,19681,005930,1420768,164461,299744,203647,2495,17768,4485410,56422,2323315,9697513,14040,-1355640,135770,198782,159210,-24505,-8214,-14084,-43814,-4467156,5425292,-5641,163862102100,1700228000,5954457300,2628178300,1620000000,1537187000,265444712200,5894245900,400966705500,253272339500,1164987500,83842679100,9770267900,17743795700,12079566300,146683000,1044008400,264163278600,3332297800,137208565000,573886962200,827039300,-80019423000,8070039900,11789338400,9451388000,-1473317000,-493178600,-1281433600,-2561948100,-263758140500,320614622700,-337948200
96,2022-07-14,5101342,109143,97698,48454,0,7104,5495601,9716,1477925,2717143,2886,005930,1225371,131218,48157,63888,4317,9660,5315473,103742,2699223,5460145,5818,-3875971,22075,-49541,15434,4317,2556,-180128,94026,1221298,2743002,2932,293910752000,6300432400,5640616500,2794698200,0,409511200,317342138500,561921900,85348330200,156656469835,166362700,70587984500,7573869200,2786082200,3688576100,249334100,559638700,307028064500,5982941400,155702872800,314636127935,335742000,-223322767500,1273436800,-2854534300,893877900,249334100,150127500,-10314074000,5421019500,70354542600,157979658100,169379300
97,2022-07-13,638593,44548,38099,48817,0,1796,4264301,12303,1519308,4266378,7172,005930,1599006,97445,124382,72965,10572,4849,4755167,28785,1976847,2166904,4393,960413,52897,86283,24148,10572,3053,490866,16482,457539,-2099474,-2779,37234165900,2591494100,2217662800,2843529400,0,104614100,248586530800,716635800,88589176600,248409922900,418245300,93199604900,5679353900,7250324700,4256980600,617014300,282883400,277156109200,1674620800,115172319600,126166872500,255893800,55965439000,3087859800,5032661900,1413451200,617014300,178269300,28569578400,957985000,26583143000,-122243050400,-162351500
98,2022-07-12,1559325,53990,137202,70482,0,10971,3861737,19728,1743480,1876285,2861,005930,880174,164549,95809,43916,22352,0,4292095,26638,1883014,1922464,5050,-679151,110559,-41393,-26566,22352,-10971,430358,6910,139534,46179,2189,90953410100,3142600100,7981153600,4101861700,0,639091600,225289968100,1149830000,101687280700,109291139100,167026000,51322958000,9587135600,5587694800,2559645000,1301962700,0,250299029500,1551664800,109745850400,112153290700,294129500,-39630452100,6444535500,-2393458800,-1542216700,1301962700,-639091600,25009061400,401834800,8058569700,2862151600,127103500
99,2022-07-11,1569715,10632,62994,46158,4000,9830,5649554,21830,2964563,2695684,7664,005930,1139479,60695,104993,25778,19,2,5456531,30052,2050862,4169065,5148,-430236,50063,41999,-20380,-3981,-9828,-193023,8222,-913701,1473381,-2516,92750661700,627807000,3709878400,2728928100,235200000,580874000,334082577400,1289595300,175336004300,159248026000,453119300,67332037000,3584223400,6207233000,1523117100,1120700,118100,322597461900,1776871000,121226425000,246489887600,304176700,-25418624700,2956416400,2497354600,-1205811000,-234079300,-580755900,-11485115500,487275700,-54109579300,87241861600,-148942600
100,2022-07-08,1906990,79342,84629,131736,5883,13507,6099212,42576,3701369,3265083,8944,005930,1154687,179903,161257,107473,27464,19850,5628233,28979,3222682,4712788,95955,-752303,100561,76628,-24263,21581,6343,-470979,-13597,-478687,1447705,87011,112071006200,4663678400,4973254800,7718856300,346155200,793757300,358709317000,2504012500,217815967300,192075879436,527055300,68011271700,10594438300,9495519300,6322359200,1617761600,1164771700,330963809100,1704607300,189459475100,277230623636,5634302800,-44059734500,5930759900,4522264500,-1396497100,1271606400,371014400,-27745507900,-799405200,-28356492200,85154744200,5107247500
101,2022-07-07,1024526,107052,156356,200679,26000,4530,7308864,139196,7744780,4577422,33428,005930,2019492,221049,574813,242695,26945,6660,7382481,106582,3458687,7264927,18502,994966,113997,418457,42016,945,2130,73617,-32614,-4286093,2687505,-14926,59395992700,6227780500,9029008300,11560601600,1517159300,264249000,422930389700,8083252400,448929922100,264807925965,1931362500,117314839600,12867640400,33435658500,14092898800,1568448600,386562900,427005083200,6190803100,200373791600,420380174765,1061742600,57918846900,6639859900,24406650200,2532297200,51289300,122313900,4074693500,-1892449300,-248556130500,155572248800,-869619900
102,2022-07-06,2920053,57305,72730,47808,0,5484,7456318,18360,1908487,4326357,7559,005930,795753,74726,134088,40790,11189,2081,7343914,39339,4206332,4159740,12509,-2124300,17421,61358,-7018,11189,-3403,-112404,20979,2297845,-166617,4950,165846601100,3243188800,4121691000,2713244500,0,311879100,424136942600,1041706800,108408847300,245703962800,428982500,45238510100,4243250100,7624176200,2319165200,632897600,118147700,417588699800,2233903800,238848994300,236398649300,710652400,-120608091000,1000061300,3502485200,-394079300,632897600,-193731400,-6548242800,1192197000,130440147000,-9305313500,281669900
103,2022-07-05,1402216,38168,82152,88152,20020,7354,6266561,29700,2640254,3623309,18653,005930,1637725,231488,289302,165116,10053,20435,6210918,80984,3723078,1815714,31726,235509,193320,207150,76964,-9967,13081,-55643,51284,1082824,-1807595,13073,80631657100,2196215500,4722575800,5065942300,1155154000,421774800,360736398600,1717492300,152163686300,208190624000,1078265200,94305891600,13310718000,16672991400,9528748700,578553100,1177601600,357588511200,4664416700,214134908500,104293436900,1824008200,13674234500,11114502500,11950415600,4462806400,-576600900,755826800,-3147887400,2946924400,61971222200,-103897187100,745743000
104,2022-07-04,681884,104770,314858,184304,30813,8726,7829358,65467,4924614,3626034,36298,005930,3044581,153376,242035,280396,34,26300,8143430,40078,3092637,2768002,16257,2362697,48606,-72823,96092,-30779,17574,314072,-25389,-1831977,-858032,-20041,38826366300,5974505200,17911440400,10441098300,1754115600,497369900,445195192500,3736950300,280141450900,206042371500,2065970400,173360977900,8755389400,13801850800,15978548400,1932600,1502228700,463020478300,2286578600,175741265500,157218182600,919398500,134534611600,2780884200,-4109589600,5537450100,-1752183000,1004858800,17825285800,-1450371700,-104400185400,-48824188900,-1146571900
105,2022-07-01,1545006,134340,261047,201769,81180,506,9943584,68892,3374836,9362489,8448,005930,2301539,106399,51961,108177,16027,350,9594045,121325,7188800,5469836,23638,756533,-27941,-209086,-93592,-65153,-156,-349539,52433,3813964,-3892653,15190,87089667600,7529068200,14673432000,11338126100,4597114200,28370800,563249390200,3863958500,190297865900,529332409995,473814000,130192894600,5969802400,2924091600,6084777300,900719600,20017000,543320780300,6813726700,405443269300,309473401595,1329737100,43103227000,-1559265800,-11749340400,-5253348800,-3696394600,-8353800,-19928609900,2949768200,215145403400,-219859008400,855923100
106,2022-06-30,2061481,34570,88913,32890,15173,0,7028085,79995,2033264,7538055,2716,005930,1082371,114424,91938,40428,42018,11156,6889289,60804,6034175,4533168,15371,-979110,79854,3025,7538,26845,11156,-138796,-19191,4000911,-3004887,12655,117944492200,1976605200,5095566000,1882415900,867535200,0,402763922600,4575250800,116424463300,431113908152,155303100,61973836500,6556123800,5267215800,2312481600,2395034200,637657700,394628004700,3481632400,345250007200,259418054052,879414500,-55970655700,4579518600,171649800,430065700,1527499000,637657700,-8135917900,-1093618400,228825543900,-171695854100,724111400
107,2022-06-29,2948857,52227,182339,91977,0,14246,5567441,7032,1476245,4334157,2617,005930,433562,72171,136908,83980,14000,5342,5636600,89290,4849137,3311410,44738,-2515295,19944,-45431,-7997,14000,-8904,69159,82258,3372892,-1022747,42121,172064362700,3043896600,10616389800,5355151900,0,831468500,324785160600,410326200,86084693200,252426154374,152822000,25310110300,4211544300,7976549400,4904213400,812000000,309938600,328732266900,5208729600,282701336700,192999970974,2603765700,-146754252400,1167647700,-2639840400,-450938500,812000000,-521529900,3947106300,4798403400,196616643500,-59426183400,2450943700
108,2022-06-28,1346647,119802,132922,110573,16765,2305,6339130,9804,2410845,3040231,11514,005930,1167766,145102,109316,53833,1917,0,5532605,19675,3310448,3189901,9975,-178881,25300,-23606,-56740,-14848,-2305,-806525,9871,899603,149670,-1539,79615225700,7062070300,7849195600,6538700500,990294800,136225800,374356642400,579857300,142540203700,179691395500,681198100,68937648700,8569803300,6464020900,3188093800,113444300,0,326639131600,1161462700,195531851600,188846760100,588792700,-10677577000,1507733000,-1385174700,-3350606700,-876850500,-136225800,-47717510800,581605400,52991647900,9155364600,-92405400
109,2022-06-27,2573499,49123,102472,44889,12736,28500,7145080,54931,3794053,4289566,27387,005930,1011422,157466,272010,85975,2649,6127,6175609,145350,4653669,5597561,14398,-1562077,108343,169538,41086,-10087,-22373,-969471,90419,859616,1307995,-12989,151881084500,2912348300,6069943500,2662514400,755575500,1696566000,422618352800,3250459100,224664968400,253048945402,1625987500,59873706300,9330307700,16130216400,5084529700,156705900,360612700,364931037700,8613016200,274933720500,330921682302,851210000,-92007378200,6417959400,10060272900,2422015300,-598869600,-1335953300,-57687315100,5362557100,50268752100,77872736900,-774777500
110,2022-06-24,1039532,139698,163075,87629,73004,8411,9007595,107122,5167189,7456231,6617,005930,4147219,66858,207471,196185,35385,130,8635618,113067,4301075,5537421,15674,3107687,-72840,44396,108556,-37619,-8281,-371977,5945,-866114,-1918810,9057,60755686600,8165789100,9533121600,5115239900,4269207200,489776700,526734679200,6262258700,302200849800,435379440700,386726600,242565409500,3918449700,12156675900,11471291100,2066955100,7632000,504899192800,6616633300,251549103000,323122920700,918513000,181809722900,-4247339400,2623554300,6356051200,-2202252100,-482144700,-21835486400,354374600,-50651746800,-112256520000,531786400
111,2022-06-23,1299950,36166,113530,254439,34359,20473,13536849,231148,5618806,7176756,16132,005930,6276223,103363,264673,287954,9794,0,13190697,112626,4833252,3248373,11653,4976273,67197,151143,33515,-24565,-20473,-346152,-118522,-785554,-3928383,-4479,74615019700,2072096700,6516018200,14578518400,1968550900,1174624200,777218008400,13248495300,322377267600,412325359040,925484900,360186934000,5946055400,15231346900,16559145000,562853400,0,757454567800,6461231300,277340036500,186608704940,668568100,285571914300,3873958700,8715328700,1980626600,-1405697500,-1174624200,-19763440600,-6787264000,-45037231100,-225716654100,-256916800
112,2022-06-22,1629252,54451,206744,146058,20936,24480,10769259,60149,4585994,5825729,11635,005930,1389170,39896,97192,271171,13810,18133,10423241,144412,6066393,4854198,17071,-240082,-14555,-109552,125113,-7126,-6347,-346018,84263,1480399,-971531,5436,95268976700,3167400500,12005156700,8499040300,1214855900,1422822900,628386453700,3511810000,267128723600,338790835300,680073700,80823681900,2320511000,5647265400,15779877500,796459000,1046142800,607783834800,8425721500,353195866500,283262911000,993877900,-14445294800,-846889500,-6357891300,7280837200,-418396900,-376680100,-20602618900,4913911500,86067142900,-55527924300,313804200
113,2022-06-21,619132,124398,178287,156346,0,3721,14509431,58477,3878430,5589091,30796,005930,3024880,94935,37826,123151,8387,4022,14226594,170227,5541843,1892567,23677,2405748,-29463,-140461,-33195,8387,301,-282837,111750,1663413,-3696524,-7119,36281700700,7284769400,10455105900,9158931500,0,217898600,851133674000,3431290800,227685485400,327545101100,1804341000,177406490300,5582487000,2220582900,7245087200,491145900,235424200,834468906600,10026111800,325020470700,110910251300,1391340500,141124789600,-1702282400,-8234523000,-1913844300,491145900,17525600,-16664767400,6594821000,97334985300,-216634849800,-413000500
114,2022-06-20,695034,23166,137550,174730,11548,3962,18834157,102680,7256180,6847736,24563,005930,3031273,17942,109398,140498,14947,30260,18772538,142838,9395634,2418096,37882,2336239,-5224,-28152,-34232,3399,26298,-61619,40158,2139454,-4429640,13319,40650434500,1350301300,8044500800,10208407400,672639300,231468300,1103301014300,6023991700,423999845800,401157394375,1436974400,177022698100,1047895700,6394638300,8204905100,876932800,1768683200,1099991158600,8348634500,549822539700,141383508075,2215378100,136372263600,-302405600,-1649862500,-2003502300,204293500,1537214900,-3309855700,2324642800,125822693900,-259773886300,778403700
115,2022-06-17,1261408,156260,515285,320377,45507,1139,9645502,145997,4763121,12190100,8754,005930,3025787,41415,61677,131985,100175,25388,9171718,355734,11257844,4834449,47278,1764379,-114845,-453608,-188392,54668,24249,-473784,209737,6494723,-7355651,38524,75208646800,9317446100,30694813500,19096185500,2709483600,67964600,575378139500,8702923400,283974920800,726776839248,522255700,180509836000,2473009400,3677607000,7869468100,5977810700,1513656200,546867854900,21226882800,671072166400,288443216548,2818110700,105301189200,-6844436700,-27017206500,-11226717400,3268327100,1445691600,-28510284600,12523959400,387097245600,-438333622700,2295855000
116,2022-06-16,1549339,57879,181409,112216,50000,59970,13712200,49024,4332477,3283547,6834,005930,1758940,43351,195559,103756,20348,11836,13365360,120319,5017764,2731348,26314,209601,-14528,14150,-8460,-29652,-48134,-346840,71295,685287,-552199,19480,94729797500,3518711500,11071775200,6820138400,3050018200,3664238700,838994821100,2998002500,265006914300,200779933321,417958600,107321191200,2651992200,11984603400,6369132100,1247798100,723448700,817794895800,7384950700,307102924300,166854568321,1616804500,12591393700,-866719300,912828200,-451006300,-1802220100,-2940790000,-21199925300,4386948200,42096010000,-33925365000,1198845900
117,2022-06-15,1437532,70425,186991,70354,20757,5363,11850632,106717,6139523,6898469,24461,005930,2055316,27272,100896,712474,23332,20018,11229044,168685,9869892,2574074,30221,617784,-43153,-86095,642120,2575,14655,-621588,61968,3730369,-4324395,5760,87320803200,4263724200,11335961900,4270767400,1255366400,324767600,721142732900,6493666500,372883598900,419413658634,1485834800,124864055600,1653379000,6121959400,43154856400,1416423300,1214834500,683019818400,10261337700,600274798400,156372399234,1837020500,37543252400,-2610345200,-5214002500,38884089000,161056900,890066900,-38122914500,3767671200,227391199500,-263041259400,351185700
118,2022-06-14,1871471,121902,97808,158719,51000,0,10433968,66584,6068586,5727373,9008,005930,2494684,52211,169710,132886,537,3000,10272423,225420,6656789,4573335,25424,623213,-69691,71902,-25833,-50463,3000,-161545,158836,588203,-1154038,16416,115706447700,7545252300,6031573000,9820553600,3149500000,0,644555125400,4111111300,374412837800,353306957600,555906300,153907511400,3235624000,10494646000,8214232200,33234100,185860000,634231249100,13959137000,411287985400,282074726900,1571058900,38201063700,-4309628300,4463073000,-1606321400,-3116265900,185860000,-10323876300,9848025700,36875147600,-71232230700,1015152600
119,2022-06-13,1352449,269728,439546,569181,79280,11653,7353653,171055,6492333,5403135,15803,005930,1587184,59205,388549,282234,7490,16440,7223226,250359,9714656,2589743,38730,234735,-210523,-50997,-286947,-71790,4787,-130427,79304,3222323,-2813392,22927,84297062100,16793226000,27331346800,35420187700,4930897200,724852100,458438213500,10646862600,404491393300,336578945300,983815300,98849246100,3689448100,24241159200,17638883200,466313100,1021031400,450089520900,15604894300,605321660700,161300973600,2413671300,14552184000,-13103777900,-3090187600,-17781304500,-4464584100,296179300,-8348692600,4958031700,200830267400,-175277971700,1429856000
120,2022-06-10,1677270,58879,492498,181241,39416,3182,5738835,218761,2681549,11094671,7250,005930,751543,87968,236462,66728,27613,13102,5874223,187660,13109763,1787985,50505,-925727,29089,-256036,-114513,-11803,9920,135388,-31101,10428214,-9306686,43255,107286275900,3761853200,31452059500,11580502100,2517795300,203322100,367213093400,13976085000,171387351900,709403897200,462864100,48066765700,5625204800,15101736000,4268359800,1764902400,839050700,375753422600,11999781800,838338061900,114258713400,3229100600,-59219510200,1863351600,-16350323500,-7312142300,-752892900,635728600,8540329200,-1976303200,666950710000,-595145183800,2766236500
121,2022-06-09,2117140,431744,1390040,309738,22500,679,8049104,24169,2318364,11122193,5054,005930,5624637,65037,403360,89908,5189,212,6581527,121804,8177249,4693146,28656,3507497,-366707,-986680,-219830,-17311,-467,-1467577,97635,5858885,-6429047,23602,137653325700,28057724400,90460733200,20090717700,1455461800,44163800,521790806800,1566647700,150358000900,721958136752,327962200,366368179300,4222085800,26238620200,5848174700,338242300,13708200,426023591800,7892844600,529656570300,305305384352,1856279400,228714853600,-23835638600,-64222113000,-14242543000,-1117219500,-30455600,-95767215000,6326196900,379298569400,-416652752400,1528317200
122,2022-06-08,709997,133127,96684,136818,7000,0,5318705,17263,1388716,4673077,1793,005930,741744,67662,106497,31630,2037,1990,5056477,43591,4825269,1594776,11507,31747,-65465,9813,-105188,-4963,1990,-262228,26328,3436553,-3078301,9714,46482930100,8704290400,6324523400,8943452200,458549000,0,348386909200,1130945400,90922217600,305907925300,117366700,48576586000,4433448200,6972039800,2072290500,133025000,130596600,331136057100,2854626200,315916167000,104400785400,753487500,2093655900,-4270842200,647516400,-6871161700,-325524000,130596600,-17250852100,1723680800,224993949400,-201507139900,636120800
123,2022-06-07,2969041,54695,195025,185970,0,1600,6727339,27973,1711861,7477185,5066,005930,214311,84051,30249,6340,39244,0,5928233,107321,9585054,3332102,28850,-2754730,29356,-164776,-179630,39244,-1600,-799106,79348,7873193,-4145083,23784,195359392300,3591578400,12808847400,12228527200,0,104960000,442851047000,1843812800,112628085300,491695743400,332995500,14099092200,5517027400,1982942800,416189300,2582529300,0,390006457000,7067520000,630449721200,219425224700,1898285400,-181260300100,1925449000,-10825904600,-11812337900,2582529300,-104960000,-52844590000,5223707200,517821635900,-272270518700,1565289900
124,2022-06-03,534814,110469,91177,49996,1300,3,2862165,23118,2089673,2443258,16910,005930,1365197,53331,85040,57746,2277,2201,2940065,16097,1734766,1960570,5593,830383,-57138,-6137,7750,977,2198,77900,-7021,-354907,-482688,-11317,35819799300,7389240100,6102307700,3344406300,86840000,200700,191737986800,1549134200,139999709600,163494270300,1130760700,91357237400,3574395600,5690602200,3864252700,152815400,147752900,196947211100,1077984100,116164813300,131303183700,374407300,55537438100,-3814844500,-411705500,519846400,65975400,147552200,5209224300,-471150100,-23834896300,-32191086600,-756353400
